지역명,연도,월,평당분양가격
서울,2015,10,19275.3
인천,2015,10,10437.9
경기,2015,10,10355.4
부산,2015,10,10269.6
대구,2015,10,8850.6
광주,2015,10,7986.0
대전,2015,10,8098.2
울산,2015,10,10074.9
세종,2015,10,8718.6
강원,2015,10,7151.099999999999
충북,2015,10,6705.599999999999
충남,2015,10,6926.7
전북,2015,10,6778.2
전남,2015,10,6352.5
경북,2015,10,7088.4
경남,2015,10,7560.299999999999
제주,2015,10,7365.599999999999
서울,2015,11,19965.0
인천,2015,11,10507.2
경기,2015,11,10223.4
부산,2015,11,10332.3
대구,2015,11,9071.7
광주,2015,11,7999.2
대전,2015,11,8098.2
울산,2015,11,10041.9
세종,2015,11,8738.4
강원,2015,11,7164.299999999999
충북,2015,11,6613.2
충남,2015,11,6930.0
전북,2015,11,6788.099999999999
전남,2015,11,6299.7
경북,2015,11,7227.0
경남,2015,11,7583.4
제주,2015,11,7365.599999999999
서울,2015,12,19935.3
인천,2015,12,10507.2
경기,2015,12,10553.4
부산,2015,12,10319.1
대구,2015,12,9774.6
광주,2015,12,8170.799999999999
대전,2015,12,8098.2
울산,2015,12,10041.9
세종,2015,12,8794.5
강원,2015,12,7164.299999999999
충북,2015,12,6616.5
충남,2015,12,7487.7
전북,2015,12,6543.9
전남,2015,12,6299.7
경북,2015,12,7197.299999999999
경남,2015,12,7613.099999999999
제주,2015,12,7484.4
서울,2016,1,20156.4
인천,2016,1,10530.3
경기,2016,1,10553.4
부산,2016,1,10401.6
대구,2016,1,10183.8
광주,2016,1,8477.699999999999
대전,2016,1,8098.2
울산,2016,1,10051.8
세종,2016,1,8794.5
강원,2016,1,7170.9
충북,2016,1,6626.4
충남,2016,1,7491.0
전북,2016,1,6534.0
전남,2016,1,6299.7
경북,2016,1,7197.299999999999
경남,2016,1,7679.099999999999
제주,2016,1,7484.4
서울,2016,2,20166.3
인천,2016,2,10533.6
경기,2016,2,10622.7
부산,2016,2,10408.2
대구,2016,2,10111.2
광주,2016,2,8477.699999999999
대전,2016,2,8098.2
울산,2016,2,10051.8
세종,2016,2,8794.5
강원,2016,2,7170.9
충북,2016,2,6626.4
충남,2016,2,7497.599999999999
전북,2016,2,6534.0
전남,2016,2,6345.9
경북,2016,2,7190.7
경남,2016,2,7781.4
제주,2016,2,7484.4
서울,2016,3,20370.9
인천,2016,3,10527.0
경기,2016,3,10609.5
부산,2016,3,10487.4
대구,2016,3,10292.7
광주,2016,3,8547.0
대전,2016,3,8098.2
울산,2016,3,10117.8
세종,2016,3,8811.0
강원,2016,3,7240.2
충북,2016,3,6534.0
충남,2016,3,6979.5
전북,2016,3,6438.299999999999
전남,2016,3,6339.299999999999
경북,2016,3,7190.7
경남,2016,3,7863.9
제주,2016,3,7636.2
서울,2016,4,20595.3
인천,2016,4,10685.4
경기,2016,4,10556.7
부산,2016,4,10457.7
대구,2016,4,10335.6
광주,2016,4,8910.0
대전,2016,4,8081.7
울산,2016,4,10137.6
세종,2016,4,8844.0
강원,2016,4,7062.0
충북,2016,4,6494.4
충남,2016,4,7157.7
전북,2016,4,6299.7
전남,2016,4,6352.5
경북,2016,4,7184.099999999999
경남,2016,4,7890.299999999999
제주,2016,4,8972.699999999999
서울,2016,5,20671.2
인천,2016,5,10490.7
경기,2016,5,11361.9
부산,2016,5,10388.4
대구,2016,5,10335.6
광주,2016,5,8982.6
대전,2016,5,8134.5
울산,2016,5,10154.1
세종,2016,5,8844.0
강원,2016,5,6986.099999999999
충북,2016,5,6534.0
충남,2016,5,7147.799999999999
전북,2016,5,6418.5
전남,2016,5,6359.099999999999
경북,2016,5,7180.799999999999
경남,2016,5,7857.299999999999
제주,2016,5,8880.3
서울,2016,6,20486.4
인천,2016,6,10573.2
경기,2016,6,11688.6
부산,2016,6,10395.0
대구,2016,6,10342.2
광주,2016,6,9032.1
대전,2016,6,8454.6
울산,2016,6,10127.7
세종,2016,6,8853.9
강원,2016,6,6943.2
충북,2016,6,6755.099999999999
충남,2016,6,7253.4
전북,2016,6,6372.299999999999
전남,2016,6,6494.4
경북,2016,6,7385.4
경남,2016,6,7883.7
제주,2016,6,9329.1
서울,2016,7,20638.2
인천,2016,7,10632.6
경기,2016,7,11652.3
부산,2016,7,10421.4
대구,2016,7,10329.0
광주,2016,7,9048.6
대전,2016,7,8454.6
울산,2016,7,10127.7
세종,2016,7,8867.1
강원,2016,7,6933.299999999999
충북,2016,7,6847.5
충남,2016,7,7253.4
전북,2016,7,6365.7
전남,2016,7,6494.4
경북,2016,7,7418.4
경남,2016,7,7837.5
제주,2016,7,9329.1
서울,2016,8,20740.5
인천,2016,8,10675.5
경기,2016,8,11751.3
부산,2016,8,10510.5
대구,2016,8,10385.1
광주,2016,8,8995.8
대전,2016,8,8454.6
울산,2016,8,9820.8
세종,2016,8,8890.199999999999
강원,2016,8,6923.4
충북,2016,8,7009.2
충남,2016,8,7375.5
전북,2016,8,6365.7
전남,2016,8,6487.799999999999
경북,2016,8,7385.4
경남,2016,8,7867.2
제주,2016,8,9497.4
서울,2016,9,20733.9
인천,2016,9,10454.4
경기,2016,9,11088.0
부산,2016,9,10560.0
대구,2016,9,10385.1
광주,2016,9,8979.3
대전,2016,9,8306.1
울산,2016,9,9820.8
세종,2016,9,8873.699999999999
강원,2016,9,6930.0
충북,2016,9,7012.5
충남,2016,9,7378.799999999999
전북,2016,9,6352.5
전남,2016,9,6507.599999999999
경북,2016,9,7428.299999999999
경남,2016,9,7890.299999999999
제주,2016,9,10173.9
서울,2016,10,21120.0
인천,2016,10,10553.4
경기,2016,10,11322.3
부산,2016,10,10220.1
대구,2016,10,10385.1
광주,2016,10,8992.5
대전,2016,10,10117.8
울산,2016,10,10576.5
세종,2016,10,8910.0
강원,2016,10,7052.099999999999
충북,2016,10,6923.4
충남,2016,10,7415.099999999999
전북,2016,10,6359.099999999999
전남,2016,10,6540.599999999999
경북,2016,10,7570.2
경남,2016,10,7959.599999999999
제주,2016,10,10173.9
서울,2016,11,21021.0
인천,2016,11,10398.3
경기,2016,11,11701.8
부산,2016,11,10173.9
대구,2016,11,10259.7
광주,2016,11,9157.5
대전,2016,11,8860.5
울산,2016,11,10758.0
세종,2016,11,8916.6
강원,2016,11,6834.299999999999
충북,2016,11,7012.5
충남,2016,11,7514.099999999999
전북,2016,11,6362.4
전남,2016,11,6784.799999999999
경북,2016,11,7570.2
경남,2016,11,7784.7
제주,2016,11,10253.1
서울,2016,12,21261.9
인천,2016,12,10335.6
경기,2016,12,11731.5
부산,2016,12,10734.9
대구,2016,12,10375.2
광주,2016,12,9183.9
대전,2016,12,8860.5
울산,2016,12,10758.0
세종,2016,12,8926.5
강원,2016,12,6887.099999999999
충북,2016,12,6867.299999999999
충남,2016,12,7504.2
전북,2016,12,6613.2
전남,2016,12,6857.4
경북,2016,12,7626.299999999999
경남,2016,12,7880.4
제주,2016,12,10335.6
서울,2017,1,21285.0
인천,2017,1,10335.6
경기,2017,1,11728.2
부산,2017,1,10705.2
대구,2017,1,10299.3
광주,2017,1,9167.4
대전,2017,1,8860.5
울산,2017,1,10758.0
세종,2017,1,8926.5
강원,2017,1,6880.5
충북,2017,1,6946.5
충남,2017,1,7375.5
전북,2017,1,6619.799999999999
전남,2017,1,6857.4
경북,2017,1,7629.599999999999
경남,2017,1,7887.0
제주,2017,1,10309.2
서울,2017,2,21331.2
인천,2017,2,10451.1
경기,2017,2,11903.1
부산,2017,2,10701.9
대구,2017,2,10421.4
광주,2017,2,9167.4
대전,2017,2,8979.3
울산,2017,2,10767.9
세종,2017,2,8926.5
강원,2017,2,6897.0
충북,2017,2,6745.2
충남,2017,2,7378.799999999999
전북,2017,2,6629.7
전남,2017,2,6906.9
경북,2017,2,7613.099999999999
경남,2017,2,7867.2
제주,2017,2,10342.2
서울,2017,3,21021.0
인천,2017,3,10490.7
경기,2017,3,11985.6
부산,2017,3,10857.0
대구,2017,3,10560.0
광주,2017,3,9183.9
대전,2017,3,8979.3
울산,2017,3,10767.9
세종,2017,3,8926.5
강원,2017,3,6824.4
충북,2017,3,6520.799999999999
충남,2017,3,7382.099999999999
전북,2017,3,6745.2
전남,2017,3,6897.0
경북,2017,3,7560.299999999999
경남,2017,3,7943.099999999999
제주,2017,3,10220.1
서울,2017,4,21007.8
인천,2017,4,10490.7
경기,2017,4,11893.2
부산,2017,4,10853.7
대구,2017,4,10490.7
광주,2017,4,9418.2
대전,2017,4,9038.7
울산,2017,4,11807.4
세종,2017,4,9005.699999999999
강원,2017,4,6824.4
충북,2017,4,6732.0
충남,2017,4,7329.299999999999
전북,2017,4,6946.5
전남,2017,4,6949.799999999999
경북,2017,4,7649.4
경남,2017,4,7923.299999999999
제주,2017,4,10965.9
서울,2017,5,21120.0
인천,2017,5,10860.3
경기,2017,5,11464.2
부산,2017,5,11711.7
대구,2017,5,10490.7
광주,2017,5,9537.0
대전,2017,5,9038.7
울산,2017,5,11807.4
세종,2017,5,9005.699999999999
강원,2017,5,6877.2
충북,2017,5,6765.0
충남,2017,5,7332.599999999999
전북,2017,5,7029.0
전남,2017,5,7144.5
경북,2017,5,7797.9
경남,2017,5,7979.4
제주,2017,5,11414.7
서울,2017,6,22001.1
인천,2017,6,10975.8
경기,2017,6,11513.7
부산,2017,6,11932.8
대구,2017,6,10711.8
광주,2017,6,9609.6
대전,2017,6,9038.7
울산,2017,6,11820.6
세종,2017,6,9018.9
강원,2017,6,7032.299999999999
충북,2017,6,6741.9
충남,2017,6,7504.2
전북,2017,6,7263.299999999999
전남,2017,6,7085.099999999999
경북,2017,6,7863.9
경남,2017,6,8065.2
제주,2017,6,10804.2
서울,2017,7,21690.9
인천,2017,7,10962.6
경기,2017,7,11975.7
부산,2017,7,11926.2
대구,2017,7,12771.0
광주,2017,7,9550.2
대전,2017,7,9035.4
울산,2017,7,11820.6
세종,2017,7,9018.9
강원,2017,7,7081.799999999999
충북,2017,7,6741.9
충남,2017,7,7507.5
전북,2017,7,7243.5
전남,2017,7,7085.099999999999
경북,2017,7,7860.599999999999
경남,2017,7,8134.5
제주,2017,7,11005.5
서울,2017,8,20367.6
인천,2017,8,10800.9
경기,2017,8,12015.3
부산,2017,8,11843.7
대구,2017,8,13180.2
광주,2017,8,9579.9
대전,2017,8,9035.4
울산,2017,8,11820.6
세종,2017,8,9022.2
강원,2017,8,7484.4
충북,2017,8,6765.0
충남,2017,8,7448.099999999999
전북,2017,8,7289.7
전남,2017,8,7306.2
경북,2017,8,8055.299999999999
경남,2017,8,8299.5
제주,2017,8,11005.5
서울,2017,9,21473.1
인천,2017,9,10896.6
경기,2017,9,11972.4
부산,2017,9,11860.2
대구,2017,9,12668.7
광주,2017,9,9718.5
대전,2017,9,9550.2
울산,2017,9,11820.6
세종,2017,9,9101.4
강원,2017,9,7375.5
충북,2017,9,6778.2
충남,2017,9,7448.099999999999
전북,2017,9,7322.7
전남,2017,9,7306.2
경북,2017,9,8015.7
경남,2017,9,8283.0
제주,2017,9,10632.6
서울,2017,10,21707.4
인천,2017,10,10890.0
경기,2017,10,11962.5
부산,2017,10,12285.9
대구,2017,10,12668.7
광주,2017,10,9609.6
대전,2017,10,9005.699999999999
울산,2017,10,11170.5
세종,2017,10,9104.7
강원,2017,10,7520.7
충북,2017,10,6798.0
충남,2017,10,7533.9
전북,2017,10,7200.599999999999
전남,2017,10,7606.5
경북,2017,10,7811.099999999999
경남,2017,10,8038.799999999999
제주,2017,10,10632.6
서울,2017,11,21968.1
인천,2017,11,10890.0
경기,2017,11,11738.1
부산,2017,11,12606.0
대구,2017,11,12071.4
광주,2017,11,9553.5
대전,2017,11,9180.6
울산,2017,11,11134.2
세종,2017,11,9108.0
강원,2017,11,7652.7
충북,2017,11,6854.099999999999
충남,2017,11,7451.4
전북,2017,11,7260.0
전남,2017,11,7883.7
경북,2017,11,7887.0
경남,2017,11,8649.3
제주,2017,11,11748.0
서울,2017,12,22129.8
인천,2017,12,10949.4
경기,2017,12,11936.1
부산,2017,12,12678.6
대구,2017,12,11751.3
광주,2017,12,9556.8
대전,2017,12,8929.8
울산,2017,12,10434.6
세종,2017,12,10431.3
강원,2017,12,7596.599999999999
충북,2017,12,6854.099999999999
충남,2017,12,7778.099999999999
전북,2017,12,7345.799999999999
전남,2017,12,7920.0
경북,2017,12,7887.0
경남,2017,12,8896.8
제주,2017,12,11807.4
서울,2018,1,21855.9
인천,2018,1,10998.9
경기,2018,1,12691.8
부산,2018,1,12678.6
대구,2018,1,11830.5
광주,2018,1,9550.2
대전,2018,1,9055.2
울산,2018,1,10434.6
세종,2018,1,10431.3
강원,2018,1,7669.2
충북,2018,1,6854.099999999999
충남,2018,1,7900.2
전북,2018,1,7345.799999999999
전남,2018,1,7920.0
경북,2018,1,8055.299999999999
경남,2018,1,8896.8
제주,2018,1,11998.8
서울,2018,2,21882.3
인천,2018,2,11028.6
경기,2018,2,12790.8
부산,2018,2,12705.0
대구,2018,2,11101.2
광주,2018,2,9550.2
대전,2018,2,9527.1
울산,2018,2,10474.2
세종,2018,2,10431.3
강원,2018,2,7665.9
충북,2018,2,7147.799999999999
충남,2018,2,7900.2
전북,2018,2,7500.9
전남,2018,2,7774.799999999999
경북,2018,2,8055.299999999999
경남,2018,2,8903.4
제주,2018,2,12635.7
서울,2018,3,22558.8
인천,2018,3,11408.1
경기,2018,3,12790.8
부산,2018,3,12596.1
대구,2018,3,11193.6
광주,2018,3,9669.0
대전,2018,3,9527.1
울산,2018,3,10474.2
세종,2018,3,10431.3
강원,2018,3,7890.299999999999
충북,2018,3,8101.5
충남,2018,3,7900.2
전북,2018,3,7467.9
전남,2018,3,7748.4
경북,2018,3,8052.0
경남,2018,3,8900.1
제주,2018,3,12952.5
서울,2018,4,22575.3
인천,2018,4,11408.1
경기,2018,4,12734.7
부산,2018,4,12747.9
대구,2018,4,11629.2
광주,2018,4,9520.5
대전,2018,4,9807.6
울산,2018,4,10474.2
세종,2018,4,10332.3
강원,2018,4,7514.099999999999
충북,2018,4,8682.3
충남,2018,4,7900.2
전북,2018,4,7646.099999999999
전남,2018,4,7771.5
경북,2018,4,8052.0
경남,2018,4,8877.0
제주,2018,4,12952.5
서울,2018,5,22832.7
인천,2018,5,11338.8
경기,2018,5,13157.1
부산,2018,5,12714.9
대구,2018,5,12048.3
광주,2018,5,9589.8
대전,2018,5,9807.6
울산,2018,5,10474.2
세종,2018,5,10332.3
강원,2018,5,7553.7
충북,2018,5,8698.8
충남,2018,5,8094.9
전북,2018,5,7675.799999999999
전남,2018,5,7774.799999999999
경북,2018,5,8672.4
경남,2018,5,8893.5
제주,2018,5,12952.5
서울,2018,6,22090.2
인천,2018,6,11127.6
경기,2018,6,12959.1
부산,2018,6,12817.2
대구,2018,6,12107.7
광주,2018,6,9900.0
대전,2018,6,9807.6
울산,2018,6,10312.5
세종,2018,6,10332.3
강원,2018,6,7563.599999999999
충북,2018,6,7873.799999999999
충남,2018,6,8141.099999999999
전북,2018,6,7675.799999999999
전남,2018,6,7774.799999999999
경북,2018,6,8682.3
경남,2018,6,8893.5
제주,2018,6,12952.5
서울,2018,7,22506.0
인천,2018,7,11127.6
경기,2018,7,13041.6
부산,2018,7,13035.0
대구,2018,7,12249.6
광주,2018,7,9685.5
대전,2018,7,9698.7
울산,2018,7,10312.5
세종,2018,7,10332.3
강원,2018,7,7629.599999999999
충북,2018,7,7887.0
충남,2018,7,8141.099999999999
전북,2018,7,7698.9
전남,2018,7,7778.099999999999
경북,2018,7,8824.199999999999
경남,2018,7,8896.8
제주,2018,7,11002.2
서울,2018,8,22212.3
인천,2018,8,11031.9
경기,2018,8,13431.0
부산,2018,8,13107.6
대구,2018,8,12295.8
광주,2018,8,9685.5
대전,2018,8,9698.7
울산,2018,8,10312.5
세종,2018,8,10388.4
강원,2018,8,7669.2
충북,2018,8,7887.0
충남,2018,8,8071.799999999999
전북,2018,8,7626.299999999999
전남,2018,8,7778.099999999999
경북,2018,8,8589.9
경남,2018,8,8781.3
제주,2018,8,11002.2
서울,2018,9,23080.2
인천,2018,9,11031.9
경기,2018,9,13510.2
부산,2018,9,13497.0
대구,2018,9,12342.0
광주,2018,9,9672.3
대전,2018,9,11111.1
울산,2018,9,10312.5
세종,2018,9,10388.4
강원,2018,9,7685.7
충북,2018,9,7867.2
충남,2018,9,8071.799999999999
전북,2018,9,7626.299999999999
전남,2018,9,7761.599999999999
경북,2018,9,8721.9
경남,2018,9,9061.8
제주,2018,9,11002.2
서울,2018,10,24347.4
인천,2018,10,11352.0
경기,2018,10,13648.8
부산,2018,10,13318.8
대구,2018,10,12536.7
광주,2018,10,10045.2
대전,2018,10,11055.0
울산,2018,10,9537.0
세종,2018,10,10388.4
강원,2018,10,7778.099999999999
충북,2018,10,7867.2
충남,2018,10,8071.799999999999
전북,2018,10,7659.299999999999
전남,2018,10,7788.0
경북,2018,10,8662.5
경남,2018,10,9223.5
제주,2018,10,11002.2
서울,2018,11,24317.7
인천,2018,11,11724.9
경기,2018,11,13698.3
부산,2018,11,13332.0
대구,2018,11,12622.5
광주,2018,11,10563.3
대전,2018,11,11055.0
울산,2018,11,9537.0
세종,2018,11,10388.4
강원,2018,11,7873.799999999999
충북,2018,11,7811.099999999999
충남,2018,11,7989.299999999999
전북,2018,11,7731.9
전남,2018,11,7715.4
경북,2018,11,8847.3
경남,2018,11,9230.1
제주,2018,11,10936.2
서울,2018,12,24413.4
인천,2018,12,11708.4
경기,2018,12,13777.5
부산,2018,12,13424.4
대구,2018,12,12952.5
광주,2018,12,10837.2
대전,2018,12,12012.0
울산,2018,12,
세종,2018,12,10081.5
강원,2018,12,7675.799999999999
충북,2018,12,7811.099999999999
충남,2018,12,7969.5
전북,2018,12,7854.0
전남,2018,12,7883.7
경북,2018,12,8847.3
경남,2018,12,9675.6
제주,2018,12,11299.2
서울,2019,1,25080.0
인천,2019,1,11823.9
경기,2019,1,14051.4
부산,2019,1,13424.4
대구,2019,1,13143.9
광주,2019,1,10926.3
대전,2019,1,12173.7
울산,2019,1,
세종,2019,1,10081.5
강원,2019,1,7784.7
충북,2019,1,7811.099999999999
충남,2019,1,8127.9
전북,2019,1,7854.0
전남,2019,1,7966.2
경북,2019,1,8705.4
경남,2019,1,9675.6
제주,2019,1,11299.2
서울,2019,2,25169.1
인천,2019,2,11847.0
경기,2019,2,14044.8
부산,2019,2,13424.4
대구,2019,2,13160.4
광주,2019,2,10926.3
대전,2019,2,12173.7
울산,2019,2,
세종,2019,2,10081.5
강원,2019,2,7784.7
충북,2019,2,7550.4
충남,2019,2,8484.3
전북,2019,2,7873.799999999999
전남,2019,2,7959.599999999999
경북,2019,2,8751.6
경남,2019,2,9675.6
제주,2019,2,11299.2
서울,2019,3,25647.6
인천,2019,3,12150.6
경기,2019,3,14417.7
부산,2019,3,13424.4
대구,2019,3,13117.5
광주,2019,3,10926.3
대전,2019,3,11913.0
울산,2019,3,
세종,2019,3,10081.5
강원,2019,3,7936.5
충북,2019,3,7560.299999999999
충남,2019,3,8570.1
전북,2019,3,8091.599999999999
전남,2019,3,7880.4
경북,2019,3,8741.699999999999
경남,2019,3,9494.1
제주,2019,3,11299.2
서울,2019,4,25687.2
인천,2019,4,12150.6
경기,2019,4,14556.3
부산,2019,4,12959.1
대구,2019,4,13249.5
광주,2019,4,10932.9
대전,2019,4,11820.6
울산,2019,4,
세종,2019,4,11411.4
강원,2019,4,8362.199999999999
충북,2019,4,7596.599999999999
충남,2019,4,8609.699999999999
전북,2019,4,7953.0
전남,2019,4,7623.0
경북,2019,4,8642.699999999999
경남,2019,4,9348.9
제주,2019,4,11355.3
서울,2019,5,25693.8
인천,2019,5,12807.3
경기,2019,5,14358.3
부산,2019,5,12949.2
대구,2019,5,13579.5
광주,2019,5,11602.8
대전,2019,5,11820.6
울산,2019,5,
세종,2019,5,11411.4
강원,2019,5,8236.8
충북,2019,5,7580.099999999999
충남,2019,5,8916.6
전북,2019,5,8147.7
전남,2019,5,7484.4
경북,2019,5,8378.699999999999
경남,2019,5,9705.3
제주,2019,5,11355.3
서울,2019,6,26730.0
인천,2019,6,12827.1
경기,2019,6,14952.3
부산,2019,6,12889.8
대구,2019,6,13747.8
광주,2019,6,11863.5
대전,2019,6,11470.8
울산,2019,6,
세종,2019,6,11411.4
강원,2019,6,8276.4
충북,2019,6,7679.099999999999
충남,2019,6,8639.4
전북,2019,6,8147.7
전남,2019,6,7656.0
경북,2019,6,8378.699999999999
경남,2019,6,9791.1
제주,2019,6,12355.2
서울,2019,7,26621.1
인천,2019,7,12827.1
경기,2019,7,14147.1
부산,2019,7,12777.6
대구,2019,7,14180.1
광주,2019,7,12381.6
대전,2019,7,11474.1
울산,2019,7,
세종,2019,7,11411.4
강원,2019,7,8220.3
충북,2019,7,7557.0
충남,2019,7,8811.0
전북,2019,7,8210.4
전남,2019,7,7722.0
경북,2019,7,8378.699999999999
경남,2019,7,9791.1
제주,2019,7,12767.7
서울,2019,8,26706.9
인천,2019,8,13005.3
경기,2019,8,14331.9
부산,2019,8,12972.3
대구,2019,8,14239.5
광주,2019,8,12279.3
대전,2019,8,11170.5
울산,2019,8,
세종,2019,8,11411.4
강원,2019,8,8223.6
충북,2019,8,7388.7
충남,2019,8,8715.3
전북,2019,8,8679.0
전남,2019,8,7735.2
경북,2019,8,8682.3
경남,2019,8,9824.1
제주,2019,8,12767.7
서울,2019,9,26680.5
인천,2019,9,13005.3
경기,2019,9,14655.3
부산,2019,9,13275.9
대구,2019,9,14381.4
광주,2019,9,12279.3
대전,2019,9,11358.6
울산,2019,9,8992.5
세종,2019,9,11411.4
강원,2019,9,8190.599999999999
충북,2019,9,7467.9
충남,2019,9,8523.9
전북,2019,9,8679.0
전남,2019,9,8187.299999999999
경북,2019,9,8771.4
경남,2019,9,9883.5
제주,2019,9,12767.7
서울,2019,10,26700.3
인천,2019,10,13025.1
경기,2019,10,14589.3
부산,2019,10,13332.0
대구,2019,10,14536.5
광주,2019,10,12444.3
대전,2019,10,11985.6
울산,2019,10,10362.0
세종,2019,10,11411.4
강원,2019,10,8118.0
충북,2019,10,7497.599999999999
충남,2019,10,8586.6
전북,2019,10,8434.8
전남,2019,10,8230.199999999999
경북,2019,10,9616.2
경남,2019,10,10589.7
제주,2019,10,12767.7
서울,2019,11,26604.6
인천,2019,11,12942.6
경기,2019,11,14694.9
부산,2019,11,13150.5
대구,2019,11,14460.6
광주,2019,11,12658.8
대전,2019,11,11985.6
울산,2019,11,10362.0
세종,2019,11,11411.4
강원,2019,11,8283.0
충북,2019,11,7599.9
충남,2019,11,8586.6
전북,2019,11,8144.4
전남,2019,11,8292.9
경북,2019,11,9616.2
경남,2019,11,10563.3
제주,2019,11,12810.6
서울,2019,12,26251.5
인천,2019,12,13206.6
경기,2019,12,14826.9
부산,2019,12,12817.2
대구,2019,12,14427.6
광주,2019,12,12652.2
대전,2019,12,11985.6
울산,2019,12,10371.9
세종,2019,12,11411.4
강원,2019,12,8283.0
충북,2019,12,7606.5
충남,2019,12,8712.0
전북,2019,12,8144.4
전남,2019,12,8091.599999999999
경북,2019,12,9616.2
경남,2019,12,10107.9
제주,2019,12,12810.6
서울,2020,1,26799.3
인천,2020,1,13216.5
경기,2020,1,14859.9
부산,2020,1,12817.2
대구,2020,1,14586.0
광주,2020,1,12681.9
대전,2020,1,11985.6
울산,2020,1,10371.9
세종,2020,1,11411.4
강원,2020,1,8207.1
충북,2020,1,7606.5
충남,2020,1,8712.0
전북,2020,1,8144.4
전남,2020,1,8200.5
경북,2020,1,10144.2
경남,2020,1,10107.9
제주,2020,1,13051.5
서울,2020,2,26307.6
인천,2020,2,13477.2
경기,2020,2,14856.6
부산,2020,2,12949.2
대구,2020,2,14586.0
광주,2020,2,12681.9
대전,2020,2,11985.6
울산,2020,2,10371.9
세종,2020,2,11411.4
강원,2020,2,8325.9
충북,2020,2,7903.5
충남,2020,2,8593.199999999999
전북,2020,2,8144.4
전남,2020,2,8269.8
경북,2020,2,8431.5
경남,2020,2,10107.9
제주,2020,2,13051.5
서울,2020,3,26495.7
인천,2020,3,14058.0
경기,2020,3,14770.8
부산,2020,3,13035.0
대구,2020,3,14843.4
광주,2020,3,12681.9
대전,2020,3,11226.6
울산,2020,3,10371.9
세종,2020,3,11411.4
강원,2020,3,8144.4
충북,2020,3,7920.0
충남,2020,3,8606.4
전북,2020,3,8144.4
전남,2020,3,8500.8
경북,2020,3,8431.5
경남,2020,3,9794.4
제주,2020,3,13051.5
서울,2020,4,26367.0
인천,2020,4,14067.9
경기,2020,4,15057.9
부산,2020,4,12896.4
대구,2020,4,15100.8
광주,2020,4,12685.2
대전,2020,4,11074.8
울산,2020,4,10371.9
세종,2020,4,
강원,2020,4,8708.699999999999
충북,2020,4,7920.0
충남,2020,4,8708.699999999999
전북,2020,4,8259.9
전남,2020,4,8550.3
경북,2020,4,8807.699999999999
경남,2020,4,10404.9
제주,2020,4,13480.5
서울,2020,5,27030.3
인천,2020,5,14338.5
경기,2020,5,13942.5
부산,2020,5,13272.6
대구,2020,5,15335.1
광주,2020,5,12648.9
대전,2020,5,11008.8
울산,2020,5,10969.2
세종,2020,5,
강원,2020,5,8784.6
충북,2020,5,7936.5
충남,2020,5,8735.1
전북,2020,5,8184.0
전남,2020,5,8576.699999999999
경북,2020,5,8807.699999999999
경남,2020,5,9969.3
제주,2020,5,14902.8
서울,2020,6,27558.3
인천,2020,6,14661.9
경기,2020,6,13586.1
부산,2020,6,13272.6
대구,2020,6,15173.4
광주,2020,6,12599.4
대전,2020,6,11246.4
울산,2020,6,12371.7
세종,2020,6,
강원,2020,6,9084.9
충북,2020,6,7949.7
충남,2020,6,8847.3
전북,2020,6,8259.9
전남,2020,6,8566.8
경북,2020,6,8807.699999999999
경남,2020,6,10329.0
제주,2020,6,14922.6
서울,2020,7,26763.0
인천,2020,7,14635.5
경기,2020,7,14322.0
부산,2020,7,13467.3
대구,2020,7,15312.0
광주,2020,7,12688.5
대전,2020,7,11051.7
울산,2020,7,12790.8
세종,2020,7,
강원,2020,7,9457.8
충북,2020,7,7949.7
충남,2020,7,8936.4
전북,2020,7,8190.599999999999
전남,2020,7,8553.6
경북,2020,7,9744.9
경남,2020,7,10276.2
제주,2020,7,15338.4
서울,2020,8,26723.4
인천,2020,8,15318.6
경기,2020,8,13972.2
부산,2020,8,13266.0
대구,2020,8,15292.2
광주,2020,8,12190.2
대전,2020,8,10982.4
울산,2020,8,13645.5
세종,2020,8,
강원,2020,8,9867.0
충북,2020,8,7929.9
충남,2020,8,8946.3
전북,2020,8,8190.599999999999
전남,2020,8,8873.699999999999
경북,2020,8,10216.8
경남,2020,8,10276.2
제주,2020,8,15338.4
서울,2020,9,26776.2
인천,2020,9,15318.6
경기,2020,9,14097.6
부산,2020,9,13266.0
대구,2020,9,15325.2
광주,2020,9,12282.6
대전,2020,9,10827.3
울산,2020,9,13734.6
세종,2020,9,
강원,2020,9,10322.4
충북,2020,9,7900.2
충남,2020,9,9015.6
전북,2020,9,8309.4
전남,2020,9,8853.9
경북,2020,9,10216.8
경남,2020,9,10276.2
제주,2020,9,15338.4
서울,2020,10,26660.7
인천,2020,10,15576.0
경기,2020,10,14341.8
부산,2020,10,13114.2
대구,2020,10,15404.4
광주,2020,10,12282.6
대전,2020,10,10579.8
울산,2020,10,13803.9
세종,2020,10,11299.2
강원,2020,10,10322.4
충북,2020,10,7893.599999999999
충남,2020,10,8880.3
전북,2020,10,8487.6
전남,2020,10,8969.4
경북,2020,10,10114.5
경남,2020,10,10253.1
제주,2020,10,15338.4
서울,2020,11,27172.2
인천,2020,11,15737.7
경기,2020,11,14318.7
부산,2020,11,13569.6
대구,2020,11,15457.2
광주,2020,11,12358.5
대전,2020,11,10579.8
울산,2020,11,13803.9
세종,2020,11,11299.2
강원,2020,11,10395.0
충북,2020,11,8078.4
충남,2020,11,9180.6
전북,2020,11,8679.0
전남,2020,11,9104.7
경북,2020,11,10470.9
경남,2020,11,10272.9
제주,2020,11,15338.4
서울,2020,12,28267.8
인천,2020,12,15681.6
경기,2020,12,14473.8
부산,2020,12,14044.8
대구,2020,12,15325.2
광주,2020,12,12219.9
대전,2020,12,10579.8
울산,2020,12,13827.0
세종,2020,12,11299.2
강원,2020,12,10355.4
충북,2020,12,8527.199999999999
충남,2020,12,9111.3
전북,2020,12,8811.0
전남,2020,12,9342.3
경북,2020,12,10345.5
경남,2020,12,9860.4
제주,2020,12,15338.4
서울,2021,1,28267.8
인천,2021,1,15602.4
경기,2021,1,14414.4
부산,2021,1,14038.2
대구,2021,1,15354.9
광주,2021,1,12906.3
대전,2021,1,10579.8
울산,2021,1,13787.4
세종,2021,1,12533.4
강원,2021,1,10355.4
충북,2021,1,8527.199999999999
충남,2021,1,9111.3
전북,2021,1,8708.699999999999
전남,2021,1,9329.1
경북,2021,1,10345.5
경남,2021,1,9860.4
제주,2021,1,17156.7
서울,2021,2,28182.0
인천,2021,2,15651.9
경기,2021,2,14460.6
부산,2021,2,14163.6
대구,2021,2,15328.5
광주,2021,2,13902.9
대전,2021,2,11358.6
울산,2021,2,13787.4
세종,2021,2,12533.4
강원,2021,2,10401.6
충북,2021,2,8606.4
충남,2021,2,9141.0
전북,2021,2,8718.6
전남,2021,2,9827.4
경북,2021,2,10107.9
경남,2021,2,10309.2
제주,2021,2,17156.7
서울,2021,3,28290.9
인천,2021,3,15717.9
경기,2021,3,14440.8
부산,2021,3,14163.6
대구,2021,3,15470.4
광주,2021,3,13919.4
대전,2021,3,11358.6
울산,2021,3,13965.6
세종,2021,3,12533.4
강원,2021,3,9576.6
충북,2021,3,8619.6
충남,2021,3,9124.5
전북,2021,3,8718.6
전남,2021,3,9909.9
경북,2021,3,10107.9
경남,2021,3,10404.9
제주,2021,3,23756.7
서울,2021,4,28135.8
인천,2021,4,15549.6
경기,2021,4,14364.9
부산,2021,4,14427.6
대구,2021,4,15536.4
광주,2021,4,13919.4
대전,2021,4,11484.0
울산,2021,4,14312.1
세종,2021,4,12533.4
강원,2021,4,9504.0
충북,2021,4,8586.6
충남,2021,4,9170.7
전북,2021,4,8761.5
전남,2021,4,9669.0
경북,2021,4,10190.4
경남,2021,4,10296.0
제주,2021,4,23756.7
서울,2021,5,28597.8
인천,2021,5,15189.9
경기,2021,5,13982.1
부산,2021,5,14579.4
대구,2021,5,15519.9
광주,2021,5,13978.8
대전,2021,5,12213.3
울산,2021,5,14586.0
세종,2021,5,12533.4
강원,2021,5,9454.5
충북,2021,5,8586.6
충남,2021,5,9177.3
전북,2021,5,8853.9
전남,2021,5,9659.1
경북,2021,5,9989.1
경남,2021,5,10197.0
제주,2021,5,24783.0
서울,2021,6,29142.3
인천,2021,6,14883.0
경기,2021,6,13797.3
부산,2021,6,14539.8
대구,2021,6,15496.8
광주,2021,6,14173.5
대전,2021,6,12196.8
울산,2021,6,14701.5
세종,2021,6,12533.4
강원,2021,6,9639.3
충북,2021,6,8669.1
충남,2021,6,9266.4
전북,2021,6,8814.3
전남,2021,6,10074.9
경북,2021,6,10061.7
경남,2021,6,10230.0
제주,2021,6,24783.0
서울,2021,7,30396.3
인천,2021,7,14859.9
경기,2021,7,13688.4
부산,2021,7,14493.6
대구,2021,7,15467.1
광주,2021,7,14163.6
대전,2021,7,12196.8
울산,2021,7,14747.7
세종,2021,7,12553.2
강원,2021,7,9253.2
충북,2021,7,8685.6
충남,2021,7,9345.6
전북,2021,7,8893.5
전남,2021,7,10249.8
경북,2021,7,10602.9
경남,2021,7,10665.6
제주,2021,7,27574.8
서울,2021,8,31346.7
인천,2021,8,14239.5
경기,2021,8,13747.8
부산,2021,8,14381.4
대구,2021,8,15536.4
광주,2021,8,14160.3
대전,2021,8,12196.8
울산,2021,8,14364.9
세종,2021,8,12553.2
강원,2021,8,9253.2
충북,2021,8,8698.8
충남,2021,8,9500.7
전북,2021,8,8877.0
전남,2021,8,10490.7
경북,2021,8,10602.9
경남,2021,8,10642.5
제주,2021,8,27574.8
서울,2021,9,31353.3
인천,2021,9,14239.5
경기,2021,9,13949.1
부산,2021,9,14381.4
대구,2021,9,15675.0
광주,2021,9,14315.4
대전,2021,9,12266.1
울산,2021,9,14199.9
세종,2021,9,12553.2
강원,2021,9,9428.1
충북,2021,9,8731.8
충남,2021,9,9543.6
전북,2021,9,8715.3
전남,2021,9,10487.4
경북,2021,9,10345.5
경남,2021,9,10873.5
제주,2021,9,27574.8
서울,2021,10,31884.6
인천,2021,10,14242.8
경기,2021,10,13866.6
부산,2021,10,14586.0
대구,2021,10,15582.6
광주,2021,10,14094.3
대전,2021,10,12351.9
울산,2021,10,14199.9
세종,2021,10,12767.7
강원,2021,10,9804.3
충북,2021,10,8731.8
충남,2021,10,9629.4
전북,2021,10,8860.5
전남,2021,10,9886.8
경북,2021,10,10332.3
경남,2021,10,10969.2
제주,2021,10,22638.0
서울,2021,11,32841.6
인천,2021,11,14704.8
경기,2021,11,14774.1
부산,2021,11,15226.2
대구,2021,11,15721.2
광주,2021,11,14180.1
대전,2021,11,12351.9
울산,2021,11,14199.9
세종,2021,11,12767.7
강원,2021,11,9929.7
충북,2021,11,8725.199999999999
충남,2021,11,9471.0
전북,2021,11,8976.0
전남,2021,11,9764.7
경북,2021,11,10434.6
경남,2021,11,10692.0
제주,2021,11,22638.0
서울,2021,12,32943.9
인천,2021,12,15018.3
경기,2021,12,14711.4
부산,2021,12,16767.3
대구,2021,12,16008.3
광주,2021,12,14536.5
대전,2021,12,12414.6
울산,2021,12,14447.4
세종,2021,12,12338.7
강원,2021,12,10002.3
충북,2021,12,9005.699999999999
충남,2021,12,9665.7
전북,2021,12,9164.1
전남,2021,12,9543.6
경북,2021,12,10880.1
경남,2021,12,10919.7
제주,2021,12,21694.2
서울,2022,1,31620.6
인천,2022,1,15265.8
경기,2022,1,15071.1
부산,2022,1,16945.5
대구,2022,1,15981.9
광주,2022,1,14576.1
대전,2022,1,13157.1
울산,2022,1,14671.8
세종,2022,1,11926.2
강원,2022,1,10002.3
충북,2022,1,9075.0
충남,2022,1,9834.0
전북,2022,1,9378.6
전남,2022,1,9890.1
경북,2022,1,10880.1
경남,2022,1,10936.2
제주,2022,1,21694.2
서울,2022,2,32396.1
인천,2022,2,15219.6
경기,2022,2,15724.5
부산,2022,2,17120.399999999998
대구,2022,2,16397.7
광주,2022,2,14572.8
대전,2022,2,13226.4
울산,2022,2,14671.8
세종,2022,2,11926.2
강원,2022,2,10131.0
충북,2022,2,9042.0
충남,2022,2,9837.3
전북,2022,2,9454.5
전남,2022,2,10124.4
경북,2022,2,11282.7
경남,2022,2,11048.4
제주,2022,2,21093.6
서울,2022,3,31835.1
인천,2022,3,15262.5
경기,2022,3,15793.8
부산,2022,3,16899.3
대구,2022,3,16424.1
광주,2022,3,14995.2
대전,2022,3,13226.4
울산,2022,3,15889.5
세종,2022,3,11926.2
강원,2022,3,10355.4
충북,2022,3,9028.8
충남,2022,3,10015.5
전북,2022,3,9434.7
전남,2022,3,10114.5
경북,2022,3,11282.7
경남,2022,3,11187.0
제주,2022,3,19239.0
서울,2022,4,32244.3
인천,2022,4,15671.7
경기,2022,4,15879.6
부산,2022,4,16899.3
대구,2022,4,16150.2
광주,2022,4,14995.2
대전,2022,4,13681.8
울산,2022,4,18225.9
세종,2022,4,11926.2
강원,2022,4,10503.9
충북,2022,4,9372.0
충남,2022,4,10041.9
전북,2022,4,9510.6
전남,2022,4,10233.3
경북,2022,4,11319.0
경남,2022,4,12021.9
제주,2022,4,19239.0
서울,2022,5,28215.0
인천,2022,5,15807.0
경기,2022,5,16031.4
부산,2022,5,17526.3
대구,2022,5,16047.9
광주,2022,5,14991.9
대전,2022,5,13714.8
울산,2022,5,18018.0
세종,2022,5,11926.2
강원,2022,5,10560.0
충북,2022,5,9682.2
충남,2022,5,10094.7
전북,2022,5,9537.0
전남,2022,5,10269.6
경북,2022,5,11738.1
경남,2022,5,12061.5
제주,2022,5,19239.0
서울,2022,6,28215.0
인천,2022,6,15899.4
경기,2022,6,16262.4
부산,2022,6,17938.8
대구,2022,6,16427.399999999998
광주,2022,6,15364.8
대전,2022,6,13761.0
울산,2022,6,17981.7
세종,2022,6,11926.2
강원,2022,6,10682.1
충북,2022,6,9876.9
충남,2022,6,10114.5
전북,2022,6,9989.1
전남,2022,6,10269.6
경북,2022,6,11639.1
경남,2022,6,11929.5
제주,2022,6,19239.0
서울,2022,7,28215.0
인천,2022,7,16331.7
경기,2022,7,16354.8
부산,2022,7,17991.6
대구,2022,7,16797.0
광주,2022,7,15397.8
대전,2022,7,13761.0
울산,2022,7,17981.7
세종,2022,7,10586.4
강원,2022,7,10725.0
충북,2022,7,9906.6
충남,2022,7,10213.5
전북,2022,7,9995.7
전남,2022,7,10256.4
경북,2022,7,11345.4
경남,2022,7,11969.1
제주,2022,7,19239.0
서울,2022,8,27300.9
인천,2022,8,17044.5
경기,2022,8,16579.2
부산,2022,8,17938.8
대구,2022,8,16780.5
광주,2022,8,15628.8
대전,2022,8,13761.0
울산,2022,8,17932.2
세종,2022,8,10586.4
강원,2022,8,10824.0
충북,2022,8,9903.3
충남,2022,8,10395.0
전북,2022,8,10104.6
전남,2022,8,10197.0
경북,2022,8,11447.7
경남,2022,8,11926.2
제주,2022,8,21542.4
서울,2022,9,28059.9
인천,2022,9,17123.7
경기,2022,9,17008.2
부산,2022,9,18011.399999999998
대구,2022,9,16764.0
광주,2022,9,15358.2
대전,2022,9,14289.0
울산,2022,9,17932.2
세종,2022,9,10586.4
강원,2022,9,10880.1
충북,2022,9,9985.8
충남,2022,9,10395.0
전북,2022,9,10190.4
전남,2022,9,10639.2
경북,2022,9,11949.3
경남,2022,9,11988.9
제주,2022,9,21542.4
서울,2022,10,28059.9
인천,2022,10,16602.3
경기,2022,10,17282.1
부산,2022,10,18470.1
대구,2022,10,16859.7
광주,2022,10,15589.2
대전,2022,10,15107.4
울산,2022,10,18123.6
세종,2022,10,10586.4
강원,2022,10,11398.2
충북,2022,10,9969.3
충남,2022,10,10919.7
전북,2022,10,10243.2
전남,2022,10,10659.0
경북,2022,10,12012.0
경남,2022,10,11889.9
제주,2022,10,22159.5
서울,2022,11,29835.3
인천,2022,11,16641.899999999998
경기,2022,11,16585.8
부산,2022,11,19823.1
대구,2022,11,16566.0
광주,2022,11,15684.9
대전,2022,11,15137.1
울산,2022,11,18932.1
세종,2022,11,10586.4
강원,2022,11,12398.1
충북,2022,11,9969.3
충남,2022,11,11051.7
전북,2022,11,10411.5
전남,2022,11,10718.4
경북,2022,11,12081.3
경남,2022,11,11863.5
제주,2022,11,22159.5
서울,2022,12,29779.2
인천,2022,12,16655.1
경기,2022,12,17169.899999999998
부산,2022,12,19456.8
대구,2022,12,16899.3
광주,2022,12,14625.6
대전,2022,12,15298.8
울산,2022,12,18321.6
세종,2022,12,12279.3
강원,2022,12,12688.5
충북,2022,12,10520.4
충남,2022,12,11035.2
전북,2022,12,10381.8
전남,2022,12,10596.3
경북,2022,12,12289.2
경남,2022,12,11860.2
제주,2022,12,22951.5
서울,2023,1,30630.6
인천,2023,1,16625.399999999998
경기,2023,1,17239.2
부산,2023,1,19456.8
대구,2023,1,16958.7
광주,2023,1,17268.899999999998
대전,2023,1,15440.7
울산,2023,1,18321.6
세종,2023,1,12279.3
강원,2023,1,12688.5
충북,2023,1,10520.4
충남,2023,1,11338.8
전북,2023,1,10381.8
전남,2023,1,10616.1
경북,2023,1,12516.9
경남,2023,1,11929.5
제주,2023,1,22951.5
서울,2023,2,30445.8
인천,2023,2,16288.8
경기,2023,2,17252.399999999998
부산,2023,2,19116.9
대구,2023,2,17087.399999999998
광주,2023,2,15275.7
대전,2023,2,15556.2
울산,2023,2,18321.6
세종,2023,2,12279.3
강원,2023,2,12688.5
충북,2023,2,10589.7
충남,2023,2,11738.1
전북,2023,2,10381.8
전남,2023,2,10946.1
경북,2023,2,12513.6
경남,2023,2,11823.9
제주,2023,2,22948.2
서울,2023,3,30624.0
인천,2023,3,16391.1
경기,2023,3,18202.8
부산,2023,3,19199.4
대구,2023,3,17087.399999999998
광주,2023,3,16651.8
대전,2023,3,15556.2
울산,2023,3,18423.9
세종,2023,3,12279.3
강원,2023,3,12939.3
충북,2023,3,10635.9
충남,2023,3,11738.1
전북,2023,3,10645.8
전남,2023,3,10942.8
경북,2023,3,12513.6
경남,2023,3,11962.5
제주,2023,3,23740.2
서울,2023,4,30643.8
인천,2023,4,16397.7
경기,2023,4,19133.4
부산,2023,4,19371.0
대구,2023,4,17087.399999999998
광주,2023,4,16651.8
대전,2023,4,16153.5
울산,2023,4,18423.9
세종,2023,4,12279.3
강원,2023,4,12969.0
충북,2023,4,10794.3
충남,2023,4,11748.0
전북,2023,4,10942.8
전남,2023,4,10939.5
경북,2023,4,12513.6
경남,2023,4,11936.1
제주,2023,4,23740.2
서울,2023,5,31066.2
인천,2023,5,16470.3
경기,2023,5,19163.1
부산,2023,5,20093.7
대구,2023,5,18047.7
광주,2023,5,18176.4
대전,2023,5,16153.5
울산,2023,5,17869.5
세종,2023,5,12279.3
강원,2023,5,12969.0
충북,2023,5,10546.8
충남,2023,5,11757.9
전북,2023,5,10942.8
전남,2023,5,11226.6
경북,2023,5,12305.7
경남,2023,5,11536.8
제주,2023,5,23740.2
서울,2023,6,31927.5
인천,2023,6,16460.399999999998
경기,2023,6,19364.4
부산,2023,6,20621.7
대구,2023,6,16968.6
광주,2023,6,18176.4
대전,2023,6,16278.9
울산,2023,6,17991.6
세종,2023,6,12279.3
강원,2023,6,12401.4
충북,2023,6,10609.5
충남,2023,6,11771.1
전북,2023,6,11124.3
전남,2023,6,11226.6
경북,2023,6,12639.0
경남,2023,6,11655.6
제주,2023,6,24175.8
서울,2023,7,31927.5
인천,2023,7,16064.4
경기,2023,7,19542.6
부산,2023,7,20687.7
대구,2023,7,16358.1
광주,2023,7,18146.7
대전,2023,7,16731.0
울산,2023,7,17991.6
세종,2023,7,12279.3
강원,2023,7,13365.0
충북,2023,7,10612.8
충남,2023,7,11784.3
전북,2023,7,11196.9
전남,2023,7,11394.9
경북,2023,7,12843.6
경남,2023,7,11279.4
제주,2023,7,24175.8
서울,2023,8,31795.5
인천,2023,8,16097.4
경기,2023,8,19572.3
부산,2023,8,21921.9
대구,2023,8,16688.1
광주,2023,8,18252.3
대전,2023,8,16731.0
울산,2023,8,18067.5
세종,2023,8,12279.3
강원,2023,8,13374.9
충북,2023,8,10725.0
충남,2023,8,11843.7
전북,2023,8,11596.2
전남,2023,8,12074.7
경북,2023,8,13318.8
경남,2023,8,11163.9
제주,2023,8,25551.9
서울,2023,9,32000.1
인천,2023,9,16100.7
경기,2023,9,19509.6
부산,2023,9,21921.9
대구,2023,9,16688.1
광주,2023,9,18011.399999999998
대전,2023,9,16731.0
울산,2023,9,17928.899999999998
세종,2023,9,12279.3
강원,2023,9,13724.7
충북,2023,9,10926.3
충남,2023,9,11853.6
전북,2023,9,11583.0
전남,2023,9,12031.8
경북,2023,9,13335.3
경남,2023,9,11622.6
제주,2023,9,25551.9
서울,2023,10,32155.2
인천,2023,10,16872.899999999998
경기,2023,10,19532.7
부산,2023,10,22182.6
대구,2023,10,17575.8
광주,2023,10,18011.399999999998
대전,2023,10,16361.4
울산,2023,10,17777.1
세종,2023,10,12279.3
강원,2023,10,14298.9
충북,2023,10,11203.5
충남,2023,10,11922.9
전북,2023,10,11559.9
전남,2023,10,12031.8
경북,2023,10,13335.3
경남,2023,10,12929.4
제주,2023,10,25743.3
서울,2023,11,34145.1
인천,2023,11,16816.8
경기,2023,11,21304.8
부산,2023,11,20691.0
대구,2023,11,17575.8
광주,2023,11,17998.2
대전,2023,11,16335.0
울산,2023,11,16698.0
세종,2023,11,12279.3
강원,2023,11,14487.0
충북,2023,11,11299.2
충남,2023,11,12767.7
전북,2023,11,11612.7
전남,2023,11,13401.3
경북,2023,11,13668.6
경남,2023,11,13919.4
제주,2023,11,25743.3
서울,2023,12,34947.0
인천,2023,12,16493.399999999998
경기,2023,12,21591.9
부산,2023,12,20691.0
대구,2023,12,
광주,2023,12,18107.1
대전,2023,12,16160.1
울산,2023,12,16024.8
세종,2023,12,
강원,2023,12,14642.1
충북,2023,12,11540.1
충남,2023,12,12823.8
전북,2023,12,11612.7
전남,2023,12,13401.3
경북,2023,12,13190.1
경남,2023,12,13431.0
제주,2023,12,25743.3
서울,2024,1,37072.2
인천,2024,1,16453.8
경기,2024,1,21519.3
부산,2024,1,20691.0
대구,2024,1,
광주,2024,1,18532.8
대전,2024,1,16160.1
울산,2024,1,16024.8
세종,2024,1,
강원,2024,1,14642.1
충북,2024,1,11540.1
충남,2024,1,11932.8
전북,2024,1,11612.7
전남,2024,1,12417.9
경북,2024,1,13770.9
경남,2024,1,13431.0
제주,2024,1,25743.3
서울,2024,2,37808.1
인천,2024,2,18090.6
경기,2024,2,20892.3
부산,2024,2,20575.5
대구,2024,2,
광주,2024,2,19054.2
대전,2024,2,17216.1
울산,2024,2,16724.399999999998
세종,2024,2,
강원,2024,2,14642.1
충북,2024,2,11711.7
충남,2024,2,12064.8
전북,2024,2,12318.9
전남,2024,2,12147.3
경북,2024,2,13784.1
경남,2024,2,13840.2
제주,2024,2,24773.1
서울,2024,3,37943.4
인천,2024,3,18117.0
경기,2024,3,20895.6
부산,2024,3,20575.5
대구,2024,3,30600.9
광주,2024,3,18885.9
대전,2024,3,17351.399999999998
울산,2024,3,16711.2
세종,2024,3,
강원,2024,3,14642.1
충북,2024,3,12592.8
충남,2024,3,12064.8
전북,2024,3,12487.2
전남,2024,3,12147.3
경북,2024,3,13784.1
경남,2024,3,13840.2
제주,2024,3,24773.1
서울,2024,4,38841.0
인천,2024,4,18189.6
경기,2024,4,21083.7
부산,2024,4,20116.8
대구,2024,4,30600.9
광주,2024,4,18885.9
대전,2024,4,18767.1
울산,2024,4,16942.2
세종,2024,4,
강원,2024,4,14777.4
충북,2024,4,12962.4
충남,2024,4,12117.6
전북,2024,4,12226.5
전남,2024,4,12147.3
경북,2024,4,13784.1
경남,2024,4,13840.2
제주,2024,4,24773.1
서울,2024,5,38629.8
인천,2024,5,18239.1
경기,2024,5,20908.8
부산,2024,5,20859.3
대구,2024,5,23964.6
광주,2024,5,18054.3
대전,2024,5,18767.1
울산,2024,5,18222.6
세종,2024,5,
강원,2024,5,14774.1
충북,2024,5,12962.4
충남,2024,5,11893.2
전북,2024,5,12134.1
전남,2024,5,12147.3
경북,2024,5,13784.1
경남,2024,5,14176.8
제주,2024,5,24773.1
서울,2024,6,18625.2
인천,2024,6,41830.8
경기,2024,6,17744.1
부산,2024,6,27017.1
대구,2024,6,21331.2
광주,2024,6,23964.6
대전,2024,6,18054.3
울산,2024,6,17899.2
세종,2024,6,18126.9
강원,2024,6,15077.7
충북,2024,6,13011.9
충남,2024,6,11893.2
전북,2024,6,12028.5
전남,2024,6,13101.0
경북,2024,6,13784.1
경남,2024,6,14543.1
제주,2024,6,24142.8
서울,2024,7,43939.5
인천,2024,7,17754.0
경기,2024,7,21377.4
부산,2024,7,22555.5
대구,2024,7,23964.6
광주,2024,7,18222.6
대전,2024,7,17592.3
울산,2024,7,18136.8
세종,2024,7,
강원,2024,7,15120.6
충북,2024,7,13011.9
충남,2024,7,11893.2
전북,2024,7,12028.5
전남,2024,7,13101.0
경북,2024,7,13827.0
경남,2024,7,13308.9
제주,2024,7,24142.8
서울,2024,8,43041.9
인천,2024,8,17948.7
경기,2024,8,21248.7
부산,2024,8,22304.7
대구,2024,8,23964.6
광주,2024,8,18328.2
대전,2024,8,17592.3
울산,2024,8,17889.3
세종,2024,8,
강원,2024,8,15120.6
충북,2024,8,13011.9
충남,2024,8,11899.8
전북,2024,8,12058.2
전남,2024,8,13120.8
경북,2024,8,13827.0
경남,2024,8,13252.8
제주,2024,8,25419.9
